Filename,Omega_m,Omega_b,h,n_s,sigma_8,id
/anvil/scratch/x-abairagi/cmass-ili/abacus/fastpm/L2000-N256/157/diag/halos_wst.h5,0.323578,0.050537,0.6668,0.9356,0.872315,157
/anvil/scratch/x-abairagi/cmass-ili/abacus/fastpm/L2000-N256/149/diag/halos_wst.h5,0.317197,0.048916,0.6688,0.9913,0.824854,149
/anvil/scratch/x-abairagi/cmass-ili/abacus/fastpm/L2000-N256/145/diag/halos_wst.h5,0.294868,0.050108,0.6961,0.9347,0.801404,145
/anvil/scratch/x-abairagi/cmass-ili/abacus/fastpm/L2000-N256/137/diag/halos_wst.h5,0.356246,0.052809,0.6472,0.9252,0.729693,137
/anvil/scratch/x-abairagi/cmass-ili/abacus/fastpm/L2000-N256/133/diag/halos_wst.h5,0.313772,0.049302,0.6736,0.9649,0.905163,133
/anvil/scratch/x-abairagi/cmass-ili/abacus/fastpm/L2000-N256/175/diag/halos_wst.h5,0.37546,0.052525,0.6432,0.9898,0.70876,175
/anvil/scratch/x-abairagi/cmass-ili/abacus/fastpm/L2000-N256/171/diag/halos_wst.h5,0.332383,0.051794,0.6733,0.9762,0.852878,171
/anvil/scratch/x-abairagi/cmass-ili/abacus/fastpm/L2000-N256/163/diag/halos_wst.h5,0.283688,0.040284,0.728,0.9922,0.838824,163
/anvil/scratch/x-abairagi/cmass-ili/abacus/fastpm/L2000-N256/151/diag/halos_wst.h5,0.342892,0.053436,0.6582,0.9757,0.86082,151
/anvil/scratch/x-abairagi/cmass-ili/abacus/fastpm/L2000-N256/146/diag/halos_wst.h5,0.311249,0.046966,0.6682,0.9351,0.762696,146
/anvil/scratch/x-abairagi/cmass-ili/abacus/fastpm/L2000-N256/138/diag/halos_wst.h5,0.287705,0.044965,0.6847,0.9723,0.821432,138
/anvil/scratch/x-abairagi/cmass-ili/abacus/fastpm/L2000-N256/134/diag/halos_wst.h5,0.388107,0.056023,0.6319,0.9649,0.808458,134
/anvil/scratch/x-abairagi/cmass-ili/abacus/fastpm/L2000-N256/176/diag/halos_wst.h5,0.292704,0.046041,0.6972,0.9459,0.892483,176
/anvil/scratch/x-abairagi/cmass-ili/abacus/fastpm/L2000-N256/164/diag/halos_wst.h5,0.358382,0.059525,0.6042,0.9211,0.774159,164
/anvil/scratch/x-abairagi/cmass-ili/abacus/fastpm/L2000-N256/160/diag/halos_wst.h5,0.253148,0.039988,0.7456,0.9942,0.876756,160
/anvil/scratch/x-abairagi/cmass-ili/abacus/fastpm/L2000-N256/152/diag/halos_wst.h5,0.354511,0.056249,0.6204,0.9541,0.677885,152
/anvil/scratch/x-abairagi/cmass-ili/abacus/fastpm/L2000-N256/140/diag/halos_wst.h5,0.334884,0.049064,0.6536,0.9893,0.772033,140
/anvil/scratch/x-abairagi/cmass-ili/abacus/fastpm/L2000-N256/139/diag/halos_wst.h5,0.266859,0.047075,0.7164,0.9732,0.793003,139
/anvil/scratch/x-abairagi/cmass-ili/abacus/fastpm/L2000-N256/135/diag/halos_wst.h5,0.313772,0.049302,0.6736,1.0249,0.80816,135
/anvil/scratch/x-abairagi/cmass-ili/abacus/fastpm/L2000-N256/177/diag/halos_wst.h5,0.337093,0.048138,0.682,1.0002,0.806026,177
/anvil/scratch/x-abairagi/cmass-ili/abacus/fastpm/L2000-N256/169/diag/halos_wst.h5,0.343786,0.052228,0.6474,0.9898,0.777925,169
/anvil/scratch/x-abairagi/cmass-ili/abacus/fastpm/L2000-N256/165/diag/halos_wst.h5,0.282113,0.041833,0.7293,1.0241,0.835954,165
/anvil/scratch/x-abairagi/cmass-ili/abacus/fastpm/L2000-N256/161/diag/halos_wst.h5,0.279589,0.042472,0.733,0.9649,0.793066,161
/anvil/scratch/x-abairagi/cmass-ili/abacus/fastpm/L2000-N256/153/diag/halos_wst.h5,0.382136,0.059064,0.6092,0.9917,0.794389,153
/anvil/scratch/x-abairagi/cmass-ili/abacus/fastpm/L2000-N256/141/diag/halos_wst.h5,0.344268,0.054281,0.6623,0.9384,0.799575,141
/anvil/scratch/x-abairagi/cmass-ili/abacus/fastpm/L2000-N256/178/diag/halos_wst.h5,0.333522,0.052199,0.6542,0.9424,0.791239,178
/anvil/scratch/x-abairagi/cmass-ili/abacus/fastpm/L2000-N256/166/diag/halos_wst.h5,0.296517,0.049491,0.6826,0.9691,0.837463,166
/anvil/scratch/x-abairagi/cmass-ili/abacus/fastpm/L2000-N256/158/diag/halos_wst.h5,0.306132,0.045462,0.6958,0.9667,0.829816,158
/anvil/scratch/x-abairagi/cmass-ili/abacus/fastpm/L2000-N256/154/diag/halos_wst.h5,0.247309,0.039133,0.7426,0.9538,0.838698,154
/anvil/scratch/x-abairagi/cmass-ili/abacus/fastpm/L2000-N256/150/diag/halos_wst.h5,0.276088,0.043077,0.7224,0.9355,0.937655,150
/anvil/scratch/x-abairagi/cmass-ili/abacus/fastpm/L2000-N256/142/diag/halos_wst.h5,0.2743,0.046171,0.7038,0.9927,0.707082,142
/anvil/scratch/x-abairagi/cmass-ili/abacus/fastpm/L2000-N256/180/diag/halos_wst.h5,0.258441,0.040672,0.7451,0.9796,0.894071,180
/anvil/scratch/x-abairagi/cmass-ili/abacus/fastpm/L2000-N256/130/diag/halos_wst.h5,0.313772,0.049302,0.6736,0.9649,0.711201,130
/anvil/scratch/x-abairagi/cmass-ili/abacus/fastpm/L2000-N256/172/diag/halos_wst.h5,0.310668,0.056257,0.6369,0.9012,0.76565,172
/anvil/scratch/x-abairagi/cmass-ili/abacus/fastpm/L2000-N256/179/diag/halos_wst.h5,0.373271,0.064766,0.5881,0.9308,0.775969,179
/anvil/scratch/x-abairagi/cmass-ili/abacus/fastpm/L2000-N256/167/diag/halos_wst.h5,0.326905,0.045229,0.705,0.9715,0.768419,167
/anvil/scratch/x-abairagi/cmass-ili/abacus/fastpm/L2000-N256/159/diag/halos_wst.h5,0.41612,0.061957,0.5967,0.9673,0.718521,159
/anvil/scratch/x-abairagi/cmass-ili/abacus/fastpm/L2000-N256/155/diag/halos_wst.h5,0.3641,0.060705,0.6247,0.9713,0.735302,155
/anvil/scratch/x-abairagi/cmass-ili/abacus/fastpm/L2000-N256/147/diag/halos_wst.h5,0.337794,0.050043,0.6498,0.9587,0.777157,147
/anvil/scratch/x-abairagi/cmass-ili/abacus/fastpm/L2000-N256/143/diag/halos_wst.h5,0.361002,0.053141,0.6443,0.9952,0.847522,143
/anvil/scratch/x-abairagi/cmass-ili/abacus/fastpm/L2000-N256/181/diag/halos_wst.h5,0.402636,0.065717,0.5745,0.9336,0.730036,181
/anvil/scratch/x-abairagi/cmass-ili/abacus/fastpm/L2000-N256/131/diag/halos_wst.h5,0.255117,0.043575,0.7165,0.9649,0.807866,131
/anvil/scratch/x-abairagi/cmass-ili/abacus/fastpm/L2000-N256/173/diag/halos_wst.h5,0.301298,0.050216,0.68,0.9628,0.763962,173
/anvil/scratch/x-abairagi/cmass-ili/abacus/fastpm/L2000-N256/168/diag/halos_wst.h5,0.352749,0.058543,0.607,0.9275,0.871407,168
/anvil/scratch/x-abairagi/cmass-ili/abacus/fastpm/L2000-N256/156/diag/halos_wst.h5,0.350688,0.052134,0.6499,0.9678,0.801974,156
/anvil/scratch/x-abairagi/cmass-ili/abacus/fastpm/L2000-N256/148/diag/halos_wst.h5,0.372102,0.059567,0.6199,0.938,0.714913,148
/anvil/scratch/x-abairagi/cmass-ili/abacus/fastpm/L2000-N256/144/diag/halos_wst.h5,0.278252,0.045517,0.6968,0.9279,0.89136,144
/anvil/scratch/x-abairagi/cmass-ili/abacus/fastpm/L2000-N256/136/diag/halos_wst.h5,0.31949,0.047331,0.6618,0.9303,0.882475,136
/anvil/scratch/x-abairagi/cmass-ili/abacus/fastpm/L2000-N256/132/diag/halos_wst.h5,0.313772,0.049302,0.6736,0.9049,0.808189,132
/anvil/scratch/x-abairagi/cmass-ili/abacus/fastpm/L2000-N256/174/diag/halos_wst.h5,0.313318,0.05573,0.6427,0.9437,0.840113,174
/anvil/scratch/x-abairagi/cmass-ili/abacus/fastpm/L2000-N256/170/diag/halos_wst.h5,0.317523,0.056299,0.6418,0.9387,0.716059,170
/anvil/scratch/x-abairagi/cmass-ili/abacus/fastpm/L2000-N256/162/diag/halos_wst.h5,0.309651,0.052427,0.6383,0.9297,0.779589,162
